date,stock_code,broker_name,broker_id,buy_vol,sell_vol,net_vol,pct,rank,side
8/27,2330,港商麥格理,1360,4805,213,4592,23.84,1,buy
8/27,2330,美商高盛,1480,1058,1979,-921,4.78,1,sell
8/27,2330,摩根大通,8440,1591,331,1260,6.54,2,buy
8/27,2330,花旗環球,1590,889,1719,-830,4.31,2,sell
8/27,2330,台灣摩根士丹利,1470,1123,555,568,2.95,3,buy
8/27,2330,新加坡商瑞銀,1650,893,1414,-521,2.7,3,sell
8/27,2330,元大證券,9800,1115,652,463,2.4,4,buy
8/27,2330,凱基-三多,9275,6,169,-163,0.85,4,sell
8/27,2330,永豐金-匯立,0039004100380031,347,91,256,1.33,5,buy
8/27,2330,華南永昌,9300,26,181,-155,0.8,5,sell
8/27,2330,凱基-台北,9268,572,368,204,1.06,6,buy
8/27,2330,國泰證券,8880,78,177,-99,0.51,6,sell
8/27,2330,第一金-台中,5382,126,2,124,0.64,7,buy
8/27,2330,台新-城東,0039004200320072,5,104,-99,0.51,7,sell
8/27,2330,美林,1440,1651,1560,91,0.47,8,buy
8/27,2330,富邦證券,9600,126,222,-96,0.5,8,sell
8/27,2330,玉山證券,8840,98,57,41,0.21,9,buy
8/27,2330,群益金鼎,9100,36,124,-88,0.46,9,sell
8/27,2330,兆豐-三重,7008,31,8,23,0.12,10,buy
8/27,2330,宏遠證券,1260,23,109,-86,0.45,10,sell
8/27,2330,元大-南屯,9853,31,9,22,0.11,11,buy
8/27,2330,香港上海匯豐,8960,80,154,-74,0.38,11,sell
8/27,2330,永豐金-嘉義,003900410039006a,27,6,21,0.11,12,buy
8/27,2330,凱基,9200,177,246,-69,0.36,12,sell
8/27,2330,凱基-雙和,0039003200300043,25,4,21,0.11,13,buy
8/27,2330,富邦-和美,0039003600310050,0,64,-64,0.33,13,sell
8/27,2330,法銀巴黎,8900,20,3,17,0.09,14,buy
8/27,2330,國票-長城,0037003700390075,0,62,-62,0.32,14,sell
8/27,2330,第一金-台南,5384,29,13,16,0.08,15,buy
8/27,2330,統一-平鎮,0035003800350067,3,60,-57,0.3,15,sell
8/27,2317,摩根大通,8440,6303,1122,5181,12.36,1,buy
8/27,2317,凱基-台北,9268,1242,1921,-679,1.62,1,sell
8/27,2317,台灣摩根士丹利,1470,5945,992,4953,11.81,2,buy
8/27,2317,國票-南京,003700370039006e,6,510,-504,1.2,2,sell
8/27,2317,新加坡商瑞銀,1650,3441,320,3121,7.44,3,buy
8/27,2317,臺銀,1040,43,506,-463,1.1,3,sell
8/27,2317,花旗環球,1590,2349,613,1736,4.14,4,buy
8/27,2317,富邦-頭份,0039003600320050,5,334,-329,0.78,4,sell
8/27,2317,元大證券,9800,3520,2162,1358,3.24,5,buy
8/27,2317,國泰-敦南,8888,282,588,-306,0.73,5,sell
8/27,2317,美林,1440,1407,400,1007,2.4,6,buy
8/27,2317,富邦-仁愛,9676,27,287,-260,0.62,6,sell
8/27,2317,美商高盛,1480,2520,1604,916,2.19,7,buy
8/27,2317,新光,8560,161,387,-226,0.54,7,sell
8/27,2317,港商野村,1560,939,43,896,2.14,8,buy
8/27,2317,富邦-和美,0039003600310050,23,247,-224,0.53,8,sell
8/27,2317,中國信託-高雄,003600310036004b,609,61,548,1.31,9,buy
8/27,2317,富邦-台北,9623,47,240,-193,0.46,9,sell
8/27,2317,元大-虎尾,003900380030006c,309,25,284,0.68,10,buy
8/27,2317,國泰-館前,0038003800380041,62,250,-188,0.45,10,sell
8/27,2317,富邦證券,9600,329,132,197,0.47,11,buy
8/27,2317,富邦-台中,003900360035004b,30,218,-188,0.45,11,sell
8/27,2317,富邦-斗六,0039003600320047,196,28,168,0.4,12,buy
8/27,2317,中國信託-三重,6161,18,193,-175,0.42,12,sell
8/27,2317,玉山證券,8840,209,67,142,0.34,13,buy
8/27,2317,凱基-台南,9211,28,201,-173,0.41,13,sell
8/27,2317,玉山-新莊,8842,219,104,115,0.27,14,buy
8/27,2317,群益金鼎-基隆,0039003100330045,2,158,-156,0.37,14,sell
8/27,2317,台新,0039004200300030,498,398,100,0.24,15,buy
8/27,2317,元大-大里,0039003800310067,16,170,-154,0.37,15,sell
8/27,2454,富邦證券,9600,1082,57,1025,12.31,1,buy
8/27,2454,美林,1440,209,1162,-953,11.45,1,sell
8/27,2454,港商麥格理,1360,597,12,585,7.03,2,buy
8/27,2454,凱基-站前,0039003200300046,10,336,-326,3.92,2,sell
8/27,2454,花旗環球,1590,614,312,302,3.63,3,buy
8/27,2454,華南永昌,9300,25,268,-243,2.92,3,sell
8/27,2454,永豐金-匯立,0039004100380031,167,16,151,1.81,4,buy
8/27,2454,凱基-台北,9268,181,415,-234,2.81,4,sell
8/27,2454,美商高盛,1480,611,467,144,1.73,5,buy
8/27,2454,新加坡商瑞銀,1650,97,258,-161,1.93,5,sell
8/27,2454,凱基,9200,153,26,127,1.53,6,buy
8/27,2454,國泰-敦南,8888,83,143,-60,0.72,6,sell
8/27,2454,台灣摩根士丹利,1470,447,337,110,1.32,7,buy
8/27,2454,永豐金-內湖,0039004100390067,10,55,-45,0.54,7,sell
8/27,2454,摩根大通,8440,324,233,91,1.09,8,buy
8/27,2454,港商野村,1560,45,89,-44,0.53,8,sell
8/27,2454,統一,5850,113,30,83,1.0,9,buy
8/27,2454,聯邦-三重,8585,3,34,-31,0.37,9,sell
8/27,2454,元大證券,9800,359,282,77,0.93,10,buy
8/27,2454,國票-長城,0037003700390075,5,31,-26,0.31,10,sell
8/27,2454,宏遠證券,1260,57,1,56,0.67,11,buy
8/27,2454,國泰-板橋,003800380038004b,19,43,-24,0.29,11,sell
8/27,2454,凱基-竹科,9272,53,5,48,0.58,12,buy
8/27,2454,國票-敦北法人,0037003700390063,2,24,-22,0.26,12,sell
8/27,2454,中國信託,6160,72,25,47,0.56,13,buy
8/27,2454,台新-五權西,0039004200320035,0,21,-21,0.25,13,sell
8/27,2454,永豐金證券,0039004100300030,131,87,44,0.53,14,buy
8/27,2454,國票-安和,003700370039005a,4,19,-15,0.18,14,sell
8/27,2454,法銀巴黎,8900,42,0,42,0.5,15,buy
8/27,2454,國泰-館前,0038003800380041,26,42,-16,0.19,15,sell
8/27,2308,台灣摩根士丹利,1470,1434,790,644,6.47,1,buy
8/27,2308,凱基,9200,229,1303,-1074,10.78,1,sell
8/27,2308,元大證券,9800,1174,618,556,5.58,2,buy
8/27,2308,美林,1440,317,943,-626,6.28,2,sell
8/27,2308,新加坡商瑞銀,1650,735,279,456,4.58,3,buy
8/27,2308,統一,5850,139,429,-290,2.91,3,sell
8/27,2308,國票-敦北法人,0037003700390063,275,1,274,2.75,4,buy
8/27,2308,永豐金-匯立,0039004100380031,11,247,-236,2.37,4,sell
8/27,2308,富邦證券,9600,361,149,212,2.13,5,buy
8/27,2308,香港上海匯豐,8960,0,205,-205,2.06,5,sell
8/27,2308,永豐金證券,0039004100300030,198,81,117,1.17,6,buy
8/27,2308,花旗環球,1590,103,272,-169,1.7,6,sell
8/27,2308,美商高盛,1480,876,772,104,1.04,7,buy
8/27,2308,臺銀,1040,2,102,-100,1.0,7,sell
8/27,2308,國泰證券,8880,82,9,73,0.73,8,buy
8/27,2308,兆豐證券,7000,5,87,-82,0.82,8,sell
8/27,2308,港商野村,1560,163,100,63,0.63,9,buy
8/27,2308,玉山-雙和,8841,6,51,-45,0.45,9,sell
8/27,2308,康和,8450,52,2,50,0.5,10,buy
8/27,2308,元大-南屯,9853,32,61,-29,0.29,10,sell
8/27,2308,凱基-台北,9268,390,351,39,0.39,11,buy
8/27,2308,群益金鼎-內湖,0039003100380064,2,30,-28,0.28,11,sell
8/27,2308,富邦-台北,9623,54,17,37,0.37,12,buy
8/27,2308,港商麥格理,1360,0,26,-26,0.26,12,sell
8/27,2308,永豐金-板新,003900410039004a,39,3,36,0.36,13,buy
8/27,2308,合庫證券,1020,4,23,-19,0.19,13,sell
8/27,2308,國票-安和,003700370039005a,41,8,33,0.33,14,buy
8/27,2308,元大-彰化民生,003900380039004a,4,23,-19,0.19,14,sell
8/27,2308,新光,8560,67,44,23,0.23,15,buy
8/27,2308,富邦-新店,9661,7,26,-19,0.19,15,sell
8/27,2382,美商高盛,1480,1012,68,944,11.24,1,buy
8/27,2382,花旗環球,1590,97,760,-663,7.89,1,sell
8/27,2382,美林,1440,975,199,776,9.24,2,buy
8/27,2382,摩根大通,8440,117,642,-525,6.25,2,sell
8/27,2382,新加坡商瑞銀,1650,902,246,656,7.81,3,buy
8/27,2382,臺銀,1040,1,329,-328,3.9,3,sell
8/27,2382,元大證券,9800,1392,750,642,7.64,4,buy
8/27,2382,統一,5850,4,204,-200,2.38,4,sell
8/27,2382,台灣摩根士丹利,1470,650,326,324,3.86,5,buy
8/27,2382,凱基,9200,19,152,-133,1.58,5,sell
8/27,2382,港商野村,1560,253,10,243,2.89,6,buy
8/27,2382,元大-信義,003900380039006d,0,75,-75,0.89,6,sell
8/27,2382,凱基-台北,9268,421,180,241,2.87,7,buy
8/27,2382,新光,8560,12,75,-63,0.75,7,sell
8/27,2382,富邦證券,9600,166,60,106,1.26,8,buy
8/27,2382,凱基-三重,9205,1,61,-60,0.71,8,sell
8/27,2382,凱基-中壢,9285,94,4,90,1.07,9,buy
8/27,2382,國泰-敦南,8888,57,113,-56,0.67,9,sell
8/27,2382,永豐金證券,0039004100300030,153,72,81,0.96,10,buy
8/27,2382,統一-敦南,5852,1,52,-51,0.61,10,sell
8/27,2382,元大-內湖,003900380039004e,67,6,61,0.73,11,buy
8/27,2382,富邦-台北,9623,20,63,-43,0.51,11,sell
8/27,2382,永豐金-匯立,0039004100380031,41,0,41,0.49,12,buy
8/27,2382,新光-台中,8561,14,53,-39,0.46,12,sell
8/27,2382,國泰證券,8880,65,25,40,0.48,13,buy
8/27,2382,富邦-仁愛,9676,31,68,-37,0.44,13,sell
8/27,2382,兆豐-三民,0037003000300068,41,8,33,0.39,14,buy
8/27,2382,元大-沙鹿,0039003800300064,1,36,-35,0.42,14,sell
8/27,2382,中國信託,6160,48,24,24,0.29,15,buy
8/27,2382,富邦-板橋,9655,8,42,-34,0.4,15,sell
8/27,2891,永豐金-匯立,0039004100380031,5246,32,5214,20.55,1,buy
8/27,2891,台灣摩根士丹利,1470,2226,7600,-5374,21.18,1,sell
8/27,2891,群益金鼎,9100,904,187,717,2.83,2,buy
8/27,2891,新加坡商瑞銀,1650,1180,3206,-2026,7.98,2,sell
8/27,2891,凱基-中壢,9285,526,8,518,2.04,3,buy
8/27,2891,美商高盛,1480,1146,2573,-1427,5.62,3,sell
8/27,2891,花旗環球,1590,923,480,443,1.75,4,buy
8/27,2891,元大證券,9800,1428,2782,-1354,5.34,4,sell
8/27,2891,國泰-敦南,8888,434,116,318,1.25,5,buy
8/27,2891,凱基-台北,9268,252,1512,-1260,4.97,5,sell
8/27,2891,華南永昌-嘉義,9314,228,0,228,0.9,6,buy
8/27,2891,美林,1440,425,1622,-1197,4.72,6,sell
8/27,2891,香港上海匯豐,8960,188,0,188,0.74,7,buy
8/27,2891,摩根大通,8440,1402,1901,-499,1.97,7,sell
8/27,2891,台新-五權西,0039004200320035,181,0,181,0.71,8,buy
8/27,2891,富邦證券,9600,10,497,-487,1.92,8,sell
8/27,2891,玉山證券,8840,169,1,168,0.66,9,buy
8/27,2891,群益金鼎-大甲,0039003100380067,13,265,-252,0.99,9,sell
8/27,2891,新光,8560,185,42,143,0.56,10,buy
8/27,2891,永豐金證券,0039004100300030,99,251,-152,0.6,10,sell
8/27,2891,國泰-板橋,003800380038004b,108,11,97,0.38,11,buy
8/27,2891,永豐金-松山,0039004100390031,6,79,-73,0.29,11,sell
8/27,2891,港商野村,1560,120,26,94,0.37,12,buy
8/27,2891,台新,0039004200300030,48,116,-68,0.27,12,sell
8/27,2891,中國信託-永康,6163,89,0,89,0.35,13,buy
8/27,2891,元大-永和,9891,6,52,-46,0.18,13,sell
8/27,2891,富邦-陽明,9604,87,11,76,0.3,14,buy
8/27,2891,港商麥格理,1360,140,168,-28,0.11,14,sell
8/27,2891,華南永昌-大安,9307,77,2,75,0.3,15,buy
8/27,2891,統一,5850,45,68,-23,0.09,15,sell
8/27,2881,永豐金-匯立,0039004100380031,2596,15,2581,11.97,1,buy
8/27,2881,美商高盛,1480,483,2433,-1950,9.04,1,sell
8/27,2881,國泰證券,8880,2286,1,2285,10.6,2,buy
8/27,2881,台灣摩根士丹利,1470,2529,4089,-1560,7.23,2,sell
8/27,2881,中國信託,6160,1055,25,1030,4.78,3,buy
8/27,2881,新加坡商瑞銀,1650,677,1821,-1144,5.3,3,sell
8/27,2881,康和,8450,942,0,942,4.37,4,buy
8/27,2881,美林,1440,162,695,-533,2.47,4,sell
8/27,2881,富邦證券,9600,806,11,795,3.69,5,buy
8/27,2881,凱基-台北,9268,1095,1584,-489,2.27,5,sell
8/27,2881,凱基,9200,786,0,786,3.64,6,buy
8/27,2881,元大證券,9800,1140,1498,-358,1.66,6,sell
8/27,2881,臺銀,1040,725,18,707,3.28,7,buy
8/27,2881,統一-城中,5854,0,330,-330,1.53,7,sell
8/27,2881,新光,8560,713,64,649,3.01,8,buy
8/27,2881,富邦-木柵,003900360031004d,0,286,-286,1.33,8,sell
8/27,2881,統一,5850,368,3,365,1.69,9,buy
8/27,2881,台新-台北,0039004200320030,0,256,-256,1.19,9,sell
8/27,2881,富邦-建國,9658,354,36,318,1.47,10,buy
8/27,2881,兆豐-城中,0037003000300057,816,1065,-249,1.15,10,sell
8/27,2881,兆豐證券,7000,317,0,317,1.47,11,buy
8/27,2881,凱基-中壢,9285,3,228,-225,1.04,11,sell
8/27,2881,華南永昌,9300,229,43,186,0.86,12,buy
8/27,2881,兆豐-岡山,0037003000300073,0,200,-200,0.93,12,sell
8/27,2881,港商野村,1560,150,43,107,0.5,13,buy
8/27,2881,合庫證券,1020,9,177,-168,0.78,13,sell
8/27,2881,香港上海匯豐,8960,70,2,68,0.32,14,buy
8/27,2881,元大-左營,0039003800390044,0,115,-115,0.53,14,sell
8/27,2881,元大-台南,9896,88,36,52,0.24,15,buy
8/27,2881,台灣企銀-民雄,0031003100310041,0,100,-100,0.46,15,sell
8/27,2882,摩根大通,8440,3207,666,2541,14.29,1,buy
8/27,2882,台灣摩根士丹利,1470,1508,3126,-1618,9.1,1,sell
8/27,2882,華南永昌-敦南,9347,1702,17,1685,9.47,2,buy
8/27,2882,美商高盛,1480,472,1804,-1332,7.49,2,sell
8/27,2882,中國信託,6160,1553,28,1525,8.57,3,buy
8/27,2882,凱基-台北,9268,739,1690,-951,5.35,3,sell
8/27,2882,元大證券,9800,1187,629,558,3.14,4,buy
8/27,2882,新加坡商瑞銀,1650,1375,2109,-734,4.13,4,sell
8/27,2882,富邦-永和,9654,301,8,293,1.65,5,buy
8/27,2882,國泰-館前,0038003800380041,15,708,-693,3.9,5,sell
8/27,2882,第一金-中壢,0035003300380059,288,0,288,1.62,6,buy
8/27,2882,華南永昌,9300,1,423,-422,2.37,6,sell
8/27,2882,彰銀,1230,221,1,220,1.24,7,buy
8/27,2882,花旗環球,1590,341,653,-312,1.75,7,sell
8/27,2882,群益金鼎-大甲,0039003100380067,200,0,200,1.12,8,buy
8/27,2882,美林,1440,551,834,-283,1.59,8,sell
8/27,2882,富邦證券,9600,208,14,194,1.09,9,buy
8/27,2882,福邦證券,6480,0,151,-151,0.85,9,sell
8/27,2882,台灣企銀-民雄,0031003100310041,139,2,137,0.77,10,buy
8/27,2882,港商野村,1560,194,324,-130,0.73,10,sell
8/27,2882,香港上海匯豐,8960,80,0,80,0.45,11,buy
8/27,2882,中國信託-高雄,003600310036004b,0,122,-122,0.69,11,sell
8/27,2882,台新-五權西,0039004200320035,71,0,71,0.4,12,buy
8/27,2882,華南永昌-古亭,9309,0,102,-102,0.57,12,sell
8/27,2882,華南永昌-世貿,9334,69,6,63,0.35,13,buy
8/27,2882,富邦-建國,9658,25,105,-80,0.45,13,sell
8/27,2882,元大-成功,003900380039004c,61,2,59,0.33,14,buy
8/27,2882,港商麥格理,1360,24,90,-66,0.37,14,sell
8/27,2882,元大-頭份,0039003800330055,50,0,50,0.28,15,buy
8/27,2882,凱基-竹科,9272,0,62,-62,0.35,15,sell
8/27,2303,永豐金證券,0039004100300030,2792,895,1897,2.27,1,buy
8/27,2303,美商高盛,1480,1825,6957,-5132,6.15,1,sell
8/27,2303,港商野村,1560,2217,327,1890,2.26,2,buy
8/27,2303,富邦證券,9600,574,5385,-4811,5.76,2,sell
8/27,2303,宏遠證券,1260,1579,6,1573,1.88,3,buy
8/27,2303,台灣摩根士丹利,1470,967,5466,-4499,5.39,3,sell
8/27,2303,統一-南京,0035003800350055,1033,11,1022,1.22,4,buy
8/27,2303,新加坡商瑞銀,1650,1473,4761,-3288,3.94,4,sell
8/27,2303,香港上海匯豐,8960,872,0,872,1.04,5,buy
8/27,2303,統一,5850,310,2710,-2400,2.87,5,sell
8/27,2303,國票-敦北法人,0037003700390063,861,1,860,1.03,6,buy
8/27,2303,凱基-台北,9268,2500,4386,-1886,2.26,6,sell
8/27,2303,國泰-敦南,8888,2035,1331,704,0.84,7,buy
8/27,2303,美林,1440,1600,2881,-1281,1.53,7,sell
8/27,2303,國泰證券,8880,613,74,539,0.65,8,buy
8/27,2303,摩根大通,8440,3147,4341,-1194,1.43,8,sell
8/27,2303,元大-土城永寧,9875,561,80,481,0.58,9,buy
8/27,2303,元大證券,9800,5444,6443,-999,1.2,9,sell
8/27,2303,元大-金華,9878,417,7,410,0.49,10,buy
8/27,2303,玉山證券,8840,265,1178,-913,1.09,10,sell
8/27,2303,康和,8450,405,1,404,0.48,11,buy
8/27,2303,兆豐-忠孝,0037003000300061,15,710,-695,0.83,11,sell
8/27,2303,凱基,9200,701,391,310,0.37,12,buy
8/27,2303,統一-城中,5854,264,692,-428,0.51,12,sell
8/27,2303,新光,8560,718,408,310,0.37,13,buy
8/27,2303,群益金鼎,9100,883,1257,-374,0.45,13,sell
8/27,2303,元大-信義,003900380039006d,322,46,276,0.33,14,buy
8/27,2303,永豐金-內湖,0039004100390067,29,317,-288,0.34,14,sell
8/27,2303,富邦-新板,0039003600310048,301,70,231,0.28,15,buy
8/27,2303,大展,5050,26,268,-242,0.29,15,sell
8/27,3711,大和國泰,8890,1100,0,1100,9.47,1,buy
8/27,3711,凱基,9200,47,900,-853,7.34,1,sell
8/27,3711,花旗環球,1590,947,170,777,6.69,2,buy
8/27,3711,台灣摩根士丹利,1470,295,881,-586,5.04,2,sell
8/27,3711,永豐金-匯立,0039004100380031,500,13,487,4.19,3,buy
8/27,3711,凱基-台北,9268,368,703,-335,2.88,3,sell
8/27,3711,兆豐證券,7000,440,7,433,3.73,4,buy
8/27,3711,新加坡商瑞銀,1650,356,558,-202,1.74,4,sell
8/27,3711,中國信託,6160,416,16,400,3.44,5,buy
8/27,3711,富邦證券,9600,304,423,-119,1.02,5,sell
8/27,3711,港商麥格理,1360,342,70,272,2.34,6,buy
8/27,3711,群益金鼎,9100,155,232,-77,0.66,6,sell
8/27,3711,宏遠證券,1260,251,1,250,2.15,7,buy
8/27,3711,國泰-敦南,8888,113,187,-74,0.64,7,sell
8/27,3711,摩根大通,8440,545,316,229,1.97,8,buy
8/27,3711,富邦-和美,0039003600310050,3,55,-52,0.45,8,sell
8/27,3711,美林,1440,416,355,61,0.53,9,buy
8/27,3711,永豐金-大園,0039004100390038,1,47,-46,0.4,9,sell
8/27,3711,香港上海匯豐,8960,57,0,57,0.49,10,buy
8/27,3711,富邦-建國,9658,15,61,-46,0.4,10,sell
8/27,3711,德信,6910,40,1,39,0.34,11,buy
8/27,3711,美商高盛,1480,826,863,-37,0.32,11,sell
8/27,3711,國票證券,7790,40,5,35,0.3,12,buy
8/27,3711,國泰證券,8880,12,48,-36,0.31,12,sell
8/27,3711,玉山證券,8840,44,16,28,0.24,13,buy
8/27,3711,玉山-左營,0038003800340044,5,33,-28,0.24,13,sell
8/27,3711,港商野村,1560,66,40,26,0.22,14,buy
8/27,3711,台新-高雄,0039004200310067,9,33,-24,0.21,14,sell
8/27,3711,元大證券,9800,754,733,21,0.18,15,buy
8/27,3711,新光,8560,40,63,-23,0.2,15,sell
8/27,2603,美商高盛,1480,3354,147,3207,15.33,1,buy
8/27,2603,統一,5850,93,5416,-5323,25.45,1,sell
8/27,2603,台灣摩根士丹利,1470,2142,183,1959,9.37,2,buy
8/27,2603,康和,8450,0,1315,-1315,6.29,2,sell
8/27,2603,新加坡商瑞銀,1650,1648,351,1297,6.2,3,buy
8/27,2603,永豐金證券,0039004100300030,238,1393,-1155,5.52,3,sell
8/27,2603,元大證券,9800,2338,1330,1008,4.82,4,buy
8/27,2603,元大-松江,9801,8,683,-675,3.23,4,sell
8/27,2603,香港上海匯豐,8960,551,0,551,2.63,5,buy
8/27,2603,美林,1440,2181,2681,-500,2.39,5,sell
8/27,2603,凱基-台北,9268,1393,944,449,2.15,6,buy
8/27,2603,華南永昌-中正,9359,1,210,-209,1.0,6,sell
8/27,2603,法銀巴黎,8900,328,0,328,1.57,7,buy
8/27,2603,國泰-敦南,8888,171,304,-133,0.64,7,sell
8/27,2603,兆豐-中壢,0037003000300062,177,1,176,0.84,8,buy
8/27,2603,大和國泰,8890,0,131,-131,0.63,8,sell
8/27,2603,摩根大通,8440,1068,945,123,0.59,9,buy
8/27,2603,永豐金-板盛,0039004100390059,1,126,-125,0.6,9,sell
8/27,2603,台新-北新莊,0039004200320038,101,0,101,0.48,10,buy
8/27,2603,永豐金-敦南,0039004100380046,6,131,-125,0.6,10,sell
8/27,2603,富邦-陽明,9604,119,21,98,0.47,11,buy
8/27,2603,元大-天母,0039003800310049,2,108,-106,0.51,11,sell
8/27,2603,國泰證券,8880,77,3,74,0.35,12,buy
8/27,2603,港商麥格理,1360,0,100,-100,0.48,12,sell
8/27,2603,凱基-基隆,0039003200300048,72,3,69,0.33,13,buy
8/27,2603,大昌-桃園,6465,0,99,-99,0.47,13,sell
8/27,2603,永豐金-萬盛,0039004100390032,66,5,61,0.29,14,buy
8/27,2603,玉山-高雄,8843,6,82,-76,0.36,14,sell
8/27,2603,花旗環球,1590,214,164,50,0.24,15,buy
8/27,2603,台灣企銀-埔墘,0031003100310047,0,70,-70,0.33,15,sell
8/27,2609,台灣摩根士丹利,1470,10119,3425,6694,11.07,1,buy
8/27,2609,美商高盛,1480,1624,7488,-5864,9.69,1,sell
8/27,2609,凱基-台北,9268,5795,2317,3478,5.75,2,buy
8/27,2609,摩根大通,8440,1987,3083,-1096,1.81,2,sell
8/27,2609,美林,1440,2755,438,2317,3.83,3,buy
8/27,2609,元大-天母,0039003800310049,20,665,-645,1.07,3,sell
8/27,2609,元大證券,9800,5923,3973,1950,3.22,4,buy
8/27,2609,港商野村,1560,64,521,-457,0.76,4,sell
8/27,2609,法銀巴黎,8900,444,0,444,0.73,5,buy
8/27,2609,國泰-敦南,8888,1349,1776,-427,0.71,5,sell
8/27,2609,永豐金-彰化,0039004100390073,207,6,201,0.33,6,buy
8/27,2609,台新,0039004200300030,206,485,-279,0.46,6,sell
8/27,2609,群益金鼎,9100,475,302,173,0.29,7,buy
8/27,2609,臺銀-高雄,0031003000340043,81,358,-277,0.46,7,sell
8/27,2609,永豐金-北高雄,0039004100390072,137,23,114,0.19,8,buy
8/27,2609,凱基-大里,0039003200300057,25,219,-194,0.32,8,sell
8/27,2609,富邦-高雄,9659,167,70,97,0.16,9,buy
8/27,2609,國泰-台中,8882,192,350,-158,0.26,9,sell
8/27,2609,富邦證券,9600,359,268,91,0.15,10,buy
8/27,2609,富邦-台北,9623,375,528,-153,0.25,10,sell
8/27,2609,華南永昌-虎尾,9377,113,27,86,0.14,11,buy
8/27,2609,元大-土城,9897,18,171,-153,0.25,11,sell
8/27,2609,合庫-高雄,1023,119,35,84,0.14,12,buy
8/27,2609,元大-南京,9862,21,172,-151,0.25,12,sell
8/27,2609,大昌-安康,6462,119,39,80,0.13,13,buy
8/27,2609,台新-城中,0039004200320045,10,151,-141,0.23,13,sell
8/27,2609,土銀-高雄,1033,72,5,67,0.11,14,buy
8/27,2609,新光-台中,8561,79,211,-132,0.22,14,sell
8/27,2609,群益金鼎-民權,9131,76,15,61,0.1,15,buy
8/27,2609,國票-九鼎,0037003700390050,20,150,-130,0.21,15,sell
8/27,2615,元大證券,9800,10270,5081,5189,6.4,1,buy
8/27,2615,美商高盛,1480,5189,11366,-6177,7.61,1,sell
8/27,2615,新加坡商瑞銀,1650,4906,558,4348,5.36,2,buy
8/27,2615,美林,1440,939,3723,-2784,3.43,2,sell
8/27,2615,凱基-台北,9268,6207,1885,4322,5.33,3,buy
8/27,2615,日進,5660,8,689,-681,0.84,3,sell
8/27,2615,台灣摩根士丹利,1470,7126,5018,2108,2.6,4,buy
8/27,2615,台新,0039004200300030,427,1049,-622,0.77,4,sell
8/27,2615,花旗環球,1590,1240,51,1189,1.47,5,buy
8/27,2615,摩根大通,8440,2943,3400,-457,0.56,5,sell
8/27,2615,永豐金-敦北,0039004100380039,378,29,349,0.43,6,buy
8/27,2615,凱基-站前,0039003200300046,146,586,-440,0.54,6,sell
8/27,2615,凱基-三峽,0039003200310045,381,47,334,0.41,7,buy
8/27,2615,凱基-中壢,9285,26,444,-418,0.52,7,sell
8/27,2615,港商野村,1560,399,88,311,0.38,8,buy
8/27,2615,凱基-城中,9227,35,427,-392,0.48,8,sell
8/27,2615,華南永昌,9300,359,120,239,0.29,9,buy
8/27,2615,元大-鳳山,003900380033005a,54,441,-387,0.48,9,sell
8/27,2615,富邦-台北,9623,318,119,199,0.25,10,buy
8/27,2615,元大-成功,003900380039004c,76,457,-381,0.47,10,sell
8/27,2615,富邦-敦南,9663,328,135,193,0.24,11,buy
8/27,2615,統一-敦南,5852,153,443,-290,0.36,11,sell
8/27,2615,台新-虎尾,003900420032004e,176,7,169,0.21,12,buy
8/27,2615,台新-北新莊,0039004200320038,10,275,-265,0.33,12,sell
8/27,2615,統一-竹南,003500380035006d,477,341,136,0.17,13,buy
8/27,2615,群益金鼎,9100,603,862,-259,0.32,13,sell
8/27,2615,法銀巴黎,8900,129,9,120,0.15,14,buy
8/27,2615,中國信託-中壢,0036003100360041,64,308,-244,0.3,14,sell
8/27,2615,台新-台中,0039004200310068,259,159,100,0.12,15,buy
8/27,2615,國泰-敦南,8888,1796,2039,-243,0.3,15,sell
8/27,2618,元大證券,9800,6452,978,5474,21.97,1,buy
8/27,2618,新加坡商瑞銀,1650,1190,4419,-3229,12.96,1,sell
8/27,2618,元大-松江,9801,5336,12,5324,21.37,2,buy
8/27,2618,摩根大通,8440,1439,3978,-2539,10.19,2,sell
8/27,2618,合庫證券,1020,601,0,601,2.41,3,buy
8/27,2618,美商高盛,1480,343,2227,-1884,7.56,3,sell
8/27,2618,國票-敦北法人,0037003700390063,456,0,456,1.83,4,buy
8/27,2618,凱基-台北,9268,409,1925,-1516,6.08,4,sell
8/27,2618,香港上海匯豐,8960,410,0,410,1.65,5,buy
8/27,2618,凱基,9200,18,1049,-1031,4.14,5,sell
8/27,2618,美林,1440,631,250,381,1.53,6,buy
8/27,2618,港商野村,1560,17,933,-916,3.68,6,sell
8/27,2618,玉山證券,8840,402,171,231,0.93,7,buy
8/27,2618,凱基-中山,9229,0,690,-690,2.77,7,sell
8/27,2618,亞東,2180,218,3,215,0.86,8,buy
8/27,2618,兆豐-高雄,003700300030005a,4,405,-401,1.61,8,sell
8/27,2618,臺銀,1040,207,2,205,0.82,9,buy
8/27,2618,國票-安和,003700370039005a,0,230,-230,0.92,9,sell
8/27,2618,台灣摩根士丹利,1470,2974,2803,171,0.69,10,buy
8/27,2618,凱基-大安,9291,0,201,-201,0.81,10,sell
8/27,2618,統一-敦南,5852,140,1,139,0.56,11,buy
8/27,2618,國票-南京,003700370039006e,0,150,-150,0.6,11,sell
8/27,2618,永豐金證券,0039004100300030,214,87,127,0.51,12,buy
8/27,2618,第一金-桃園,5385,2,147,-145,0.58,12,sell
8/27,2618,(牛牛牛)亞-鑫豐,0036003000310064,140,29,111,0.45,13,buy
8/27,2618,富邦-陽明,9604,18,128,-110,0.44,13,sell
8/27,2618,國泰-忠孝,8887,100,0,100,0.4,14,buy
8/27,2618,群益金鼎-新莊,0039003100380047,2,101,-99,0.4,14,sell
8/27,2618,群益金鼎-土城,003900310033004e,78,1,77,0.31,15,buy
8/27,2618,中國信託-忠孝,6162,2,98,-96,0.39,15,sell
8/27,3037,新加坡商瑞銀,1650,2248,965,1283,5.34,1,buy
8/27,3037,美商高盛,1480,741,1848,-1107,4.61,1,sell
8/27,3037,元大-土城永寧,9875,588,12,576,2.4,2,buy
8/27,3037,台灣摩根士丹利,1470,471,1483,-1012,4.21,2,sell
8/27,3037,花旗環球,1590,807,337,470,1.96,3,buy
8/27,3037,富邦-新店,9661,45,1009,-964,4.01,3,sell
8/27,3037,富邦證券,9600,665,197,468,1.95,4,buy
8/27,3037,元大證券,9800,2226,2707,-481,2.0,4,sell
8/27,3037,永豐金-匯立,0039004100380031,454,38,416,1.73,5,buy
8/27,3037,摩根大通,8440,508,900,-392,1.63,5,sell
8/27,3037,永豐金證券,0039004100300030,477,222,255,1.06,6,buy
8/27,3037,港商野村,1560,138,529,-391,1.63,6,sell
8/27,3037,永豐金-萬盛,0039004100390032,226,15,211,0.88,7,buy
8/27,3037,凱基-台北,9268,993,1152,-159,0.66,7,sell
8/27,3037,美林,1440,761,575,186,0.77,8,buy
8/27,3037,凱基-竹科,9272,13,122,-109,0.45,8,sell
8/27,3037,國泰證券,8880,262,82,180,0.75,9,buy
8/27,3037,華南永昌-世貿,9334,3,106,-103,0.43,9,sell
8/27,3037,群益金鼎,9100,298,117,181,0.75,10,buy
8/27,3037,國票-敦北法人,0037003700390063,19,117,-98,0.41,10,sell
8/27,3037,群益金鼎-三民,9188,141,4,137,0.57,11,buy
8/27,3037,凱基-站前,0039003200300046,44,95,-51,0.21,11,sell
8/27,3037,統一,5850,144,32,112,0.47,12,buy
8/27,3037,(牛牛牛)亞-鑫豐,0036003000310064,11,60,-49,0.2,12,sell
8/27,3037,凱基,9200,120,31,89,0.37,13,buy
8/27,3037,永豐金-虎尾,0039004100390062,1,49,-48,0.2,13,sell
8/27,3037,富邦-台南,9667,104,19,85,0.35,14,buy
8/27,3037,元大-仁愛,003900380033006a,8,53,-45,0.19,14,sell
8/27,3037,富邦-台北,9623,116,59,57,0.24,15,buy
8/27,3037,統一-竹南,003500380035006d,2,45,-43,0.18,15,sell
8/27,2345,台灣摩根士丹利,1470,292,49,243,7.1,1,buy
8/27,2345,美林,1440,83,630,-547,15.99,1,sell
8/27,2345,摩根大通,8440,252,36,216,6.31,2,buy
8/27,2345,國票-敦北法人,0037003700390063,1,259,-258,7.54,2,sell
8/27,2345,美商高盛,1480,287,147,140,4.09,3,buy
8/27,2345,統一,5850,20,158,-138,4.03,3,sell
8/27,2345,新加坡商瑞銀,1650,163,90,73,2.13,4,buy
8/27,2345,台新,0039004200300030,18,116,-98,2.86,4,sell
8/27,2345,富邦證券,9600,270,214,56,1.64,5,buy
8/27,2345,中國信託,6160,5,95,-90,2.63,5,sell
8/27,2345,永豐金-匯立,0039004100380031,51,0,51,1.49,6,buy
8/27,2345,凱基,9200,31,117,-86,2.51,6,sell
8/27,2345,永豐金證券,0039004100300030,105,69,36,1.05,7,buy
8/27,2345,香港上海匯豐,8960,0,66,-66,1.93,7,sell
8/27,2345,國泰-敦南,8888,44,21,23,0.67,8,buy
8/27,2345,國泰證券,8880,196,261,-65,1.9,8,sell
8/27,2345,康和,8450,21,1,20,0.58,9,buy
8/27,2345,花旗環球,1590,50,110,-60,1.75,9,sell
8/27,2345,統一-敦南,5852,19,0,19,0.56,10,buy
8/27,2345,日茂,5960,10,15,-5,0.15,10,sell
8/27,2345,元大-蘆洲中正,0039003800390049,18,0,18,0.53,11,buy
8/27,2345,玉山-板橋,8846,0,5,-5,0.15,11,sell
8/27,2345,元大-新盛,9869,17,0,17,0.5,12,buy
8/27,2345,永豐金-敦南,0039004100380046,1,5,-4,0.12,12,sell
8/27,2345,宏遠-民生,1261,15,0,15,0.44,13,buy
8/27,2345,元大-新竹經國,9859,1,3,-2,0.06,13,sell
8/27,2345,凱基-站前,0039003200300046,15,1,14,0.41,14,buy
8/27,2345,群益金鼎-松山,9103,0,2,-2,0.06,14,sell
8/27,2345,元大證券,9800,255,243,12,0.35,15,buy
8/27,2345,凱基-敦北,9237,0,2,-2,0.06,15,sell
8/27,3006,摩根大通,8440,958,388,570,4.05,1,buy
8/27,3006,群益金鼎-忠孝,0039003100380057,1,448,-447,3.18,1,sell
8/27,3006,元大證券,9800,1602,1152,450,3.2,2,buy
8/27,3006,台灣摩根士丹利,1470,58,373,-315,2.24,2,sell
8/27,3006,永豐金證券,0039004100300030,380,160,220,1.56,3,buy
8/27,3006,兆豐-民生,0037003000300063,1,270,-269,1.91,3,sell
8/27,3006,富邦-陽明,9604,217,21,196,1.39,4,buy
8/27,3006,凱基-台北,9268,757,1010,-253,1.8,4,sell
8/27,3006,港商野村,1560,603,456,147,1.04,5,buy
8/27,3006,富邦-新店,9661,21,259,-238,1.69,5,sell
8/27,3006,新加坡商瑞銀,1650,465,330,135,0.96,6,buy
8/27,3006,統一,5850,114,323,-209,1.49,6,sell
8/27,3006,美林,1440,248,116,132,0.94,7,buy
8/27,3006,美商高盛,1480,5,104,-99,0.7,7,sell
8/27,3006,新百王,6210,106,2,104,0.74,8,buy
8/27,3006,統一-城中,5854,2,61,-59,0.42,8,sell
8/27,3006,台新-建北,0039004200310038,115,25,90,0.64,9,buy
8/27,3006,凱基-竹科,9272,14,72,-58,0.41,9,sell
8/27,3006,港商麥格理,1360,75,0,75,0.53,10,buy
8/27,3006,第一金-自由,0035003300380045,21,73,-52,0.37,10,sell
8/27,3006,元大-頭份,0039003800330055,265,204,61,0.43,11,buy
8/27,3006,新光,8560,47,94,-47,0.33,11,sell
8/27,3006,永豐金-中正,0039004100390055,65,6,59,0.42,12,buy
8/27,3006,兆豐-南門,0037003000300067,18,61,-43,0.31,12,sell
8/27,3006,富邦-羅東,9634,60,10,50,0.36,13,buy
8/27,3006,元大-大同,0039003800390047,18,54,-36,0.26,13,sell
8/27,3006,華南永昌-桃園,9352,52,4,48,0.34,14,buy
8/27,3006,統一-台中,5856,2,36,-34,0.24,14,sell
8/27,3006,聯邦證券,8580,70,25,45,0.32,15,buy
8/27,3006,永豐金-員林,0039004100390043,8,39,-31,0.22,15,sell
8/27,2379,美商高盛,1480,151,40,111,5.85,1,buy
8/27,2379,台灣摩根士丹利,1470,363,555,-192,10.12,1,sell
8/27,2379,凱基-台北,9268,167,86,81,4.27,2,buy
8/27,2379,永豐金-匯立,0039004100380031,0,89,-89,4.69,2,sell
8/27,2379,永豐金證券,0039004100300030,78,8,70,3.69,3,buy
8/27,2379,港商野村,1560,0,82,-82,4.32,3,sell
8/27,2379,新加坡商瑞銀,1650,107,37,70,3.69,4,buy
8/27,2379,美林,1440,50,106,-56,2.95,4,sell
8/27,2379,花旗環球,1590,89,38,51,2.69,5,buy
8/27,2379,台新,0039004200300030,4,19,-15,0.79,5,sell
8/27,2379,兆豐證券,7000,44,0,44,2.32,6,buy
8/27,2379,摩根大通,8440,89,101,-12,0.63,6,sell
8/27,2379,中國信託,6160,24,4,20,1.05,7,buy
8/27,2379,康和-台中,8455,0,10,-10,0.53,7,sell
8/27,2379,土銀,1030,17,0,17,0.9,8,buy
8/27,2379,國泰-台中,8882,1,10,-9,0.47,8,sell
8/27,2379,第一金-台中,5382,12,0,12,0.63,9,buy
8/27,2379,元大-四維,9831,0,7,-7,0.37,9,sell
8/27,2379,華南永昌-中正,9359,12,1,11,0.58,10,buy
8/27,2379,凱基-科園,9254,0,7,-7,0.37,10,sell
8/27,2379,華南永昌-林口,9317,13,4,9,0.47,11,buy
8/27,2379,法銀巴黎,8900,0,7,-7,0.37,11,sell
8/27,2379,富邦證券,9600,25,16,9,0.47,12,buy
8/27,2379,國泰-板橋,003800380038004b,5,11,-6,0.32,12,sell
8/27,2379,永豐金-中正,0039004100390055,12,4,8,0.42,13,buy
8/27,2379,台灣企銀-埔墘,0031003100310047,0,6,-6,0.32,13,sell
8/27,2379,新光,8560,13,5,8,0.42,14,buy
8/27,2379,國票-彰化,0037003700390057,0,6,-6,0.32,14,sell
8/27,2379,香港上海匯豐,8960,11,6,5,0.26,15,buy
8/27,2379,永豐金-三重,003900410039004b,6,12,-6,0.32,15,sell
8/27,3034,台灣摩根士丹利,1470,502,120,382,11.37,1,buy
8/27,3034,港商野村,1560,31,918,-887,26.39,1,sell
8/27,3034,凱基-台北,9268,522,140,382,11.37,2,buy
8/27,3034,摩根大通,8440,127,236,-109,3.24,2,sell
8/27,3034,美商高盛,1480,322,119,203,6.04,3,buy
8/27,3034,美林,1440,221,315,-94,2.8,3,sell
8/27,3034,新加坡商瑞銀,1650,284,125,159,4.73,4,buy
8/27,3034,永豐金-匯立,0039004100380031,32,84,-52,1.55,4,sell
8/27,3034,法銀巴黎,8900,68,0,68,2.02,5,buy
8/27,3034,富邦證券,9600,1,50,-49,1.46,5,sell
8/27,3034,元大證券,9800,161,121,40,1.19,6,buy
8/27,3034,花旗環球,1590,65,106,-41,1.22,6,sell
8/27,3034,港商麥格理,1360,35,8,27,0.8,7,buy
8/27,3034,兆豐證券,7000,0,40,-40,1.19,7,sell
8/27,3034,凱基-內埔,9225,22,0,22,0.65,8,buy
8/27,3034,新光,8560,13,31,-18,0.54,8,sell
8/27,3034,元大-中山北路,0039003800300061,21,0,21,0.62,9,buy
8/27,3034,凱基,9200,1,16,-15,0.45,9,sell
8/27,3034,群益金鼎,9100,44,24,20,0.6,10,buy
8/27,3034,台新-松德,0039004200320061,4,15,-11,0.33,10,sell
8/27,3034,元大-金華,9878,14,1,13,0.39,11,buy
8/27,3034,富邦-台北,9623,3,13,-10,0.3,11,sell
8/27,3034,台新-中港,0039004200320069,12,0,12,0.36,12,buy
8/27,3034,元大-成功,003900380039004c,1,10,-9,0.27,12,sell
8/27,3034,玉山-雙和,8841,19,8,11,0.33,13,buy
8/27,3034,元大-新竹經國,9859,3,12,-9,0.27,13,sell
8/27,3034,永全-南崁,6451,11,0,11,0.33,14,buy
8/27,3034,中國信託-永康,6163,0,8,-8,0.24,14,sell
8/27,3034,統一-城中,5854,10,0,10,0.3,15,buy
8/27,3034,永豐金-亞灣,0039004100390061,0,8,-8,0.24,15,sell
8/27,2412,花旗環球,1590,712,71,641,11.42,1,buy
8/27,2412,新加坡商瑞銀,1650,59,675,-616,10.97,1,sell
8/27,2412,中國信託,6160,545,3,542,9.65,2,buy
8/27,2412,康和,8450,0,600,-600,10.69,2,sell
8/27,2412,凱基-台北,9268,598,206,392,6.98,3,buy
8/27,2412,永豐金證券,0039004100300030,19,504,-485,8.64,3,sell
8/27,2412,合庫-台南,1022,403,31,372,6.63,4,buy
8/27,2412,美林,1440,43,520,-477,8.5,4,sell
8/27,2412,台新-信義,0039004200320048,354,130,224,3.99,5,buy
8/27,2412,摩根大通,8440,464,871,-407,7.25,5,sell
8/27,2412,富邦證券,9600,201,0,201,3.58,6,buy
8/27,2412,台灣摩根士丹利,1470,99,308,-209,3.72,6,sell
8/27,2412,美商高盛,1480,296,167,129,2.3,7,buy
8/27,2412,台新,0039004200300030,12,211,-199,3.54,7,sell
8/27,2412,臺銀-臺南,1042,102,0,102,1.82,8,buy
8/27,2412,富邦-新店,9661,4,74,-70,1.25,8,sell
8/27,2412,香港上海匯豐,8960,65,0,65,1.16,9,buy
8/27,2412,富邦-竹科,0039003600320043,8,71,-63,1.12,9,sell
8/27,2412,群益金鼎-永和,003900310038004a,250,200,50,0.89,10,buy
8/27,2412,華南永昌-板橋,9349,1,60,-59,1.05,10,sell
8/27,2412,永豐金-匯立,0039004100380031,62,13,49,0.87,11,buy
8/27,2412,華南永昌,9300,0,30,-30,0.53,11,sell
8/27,2412,港商野村,1560,37,0,37,0.66,12,buy
8/27,2412,永豐金-內湖,0039004100390067,1,29,-28,0.5,12,sell
8/27,2412,國泰-板橋,003800380038004b,25,0,25,0.45,13,buy
8/27,2412,台新-三民,0039004200310033,4,30,-26,0.46,13,sell
8/27,2412,永豐金-永康,0039004100390063,72,48,24,0.43,14,buy
8/27,2412,凱基-站前,0039003200300046,0,21,-21,0.37,14,sell
8/27,2412,新光,8560,26,5,21,0.37,15,buy
8/27,2412,富邦-南員林,0039003600310052,0,20,-20,0.36,15,sell
